id,fname,lname,dob
1,Meta,Blaber,1976-04-09
2,Daniele,Moyle,1992-01-01
3,Fayina,Wintringham,1972-05-17
4,Reggie,Comelli,1975-01-07
5,Wendell,Strangwood,1958-02-25
6,Freeman,Carlett,1995-05-06
7,Zed,Zapata,1975-09-19
8,Ilise,Mapledorum,1995-05-17
9,Sheff,Boughton,1990-12-12
10,Osmund,Josefowicz,2000-01-26
11,Ewan,Venus,1982-03-23
12,Ramona,Adrain,1998-08-02
13,Virgilio,Grimsdell,1978-08-17
14,Xavier,Agar,1953-05-20
15,Martainn,Northedge,1960-02-21
16,Miranda,Schule,1952-07-21
17,Maxi,Enrigo,1998-02-12
18,Dion,Grasner,1975-01-18
19,Halsey,Kienl,1989-10-28
20,Sybyl,Beveredge,1996-06-21
21,Johnna,Brafield,1984-01-07
22,Anastassia,Goreisr,2000-01-10
23,Cad,Duckers,1993-09-15
24,Ole,Dye,1971-02-01
25,Maxim,Pratchett,1956-07-27
26,Gil,Blakely,1981-06-24
27,Emili,Caine,1954-08-19
28,Nicola,de Voiels,1993-10-07
29,Aurea,Clyde,1954-09-12
30,Cassandre,Alexandrescu,1990-01-29
31,Eadmund,Satterley,1986-10-07
32,Cordy,Hirtzmann,1994-09-01
33,Beck,Shapira,1986-04-23
34,Nedda,Learman,1970-09-13
35,Lilah,Veschambes,1981-03-26
36,Rad,Grishinov,1962-08-21
37,Koral,Unitt,1961-10-12
38,Adan,Tocher,1996-02-20
39,Othelia,Dunkerton,1988-10-03
40,Nell,Killough,1987-10-09
41,Nathan,Barlass,1962-02-13
42,Valle,Stinton,1998-06-16
43,Ofella,Trench,1963-10-12
44,Carmelle,Broxap,1957-05-29
45,Isobel,Raraty,1992-06-26
46,Annecorinne,MacAughtrie,1986-11-03
47,Sharity,Coules,1982-11-28
48,Hillary,Jolliff,1951-04-19
49,Marvin,Ewells,1998-01-26
50,Deloria,Markel,1954-09-26
51,Johnathan,Ellerker,1996-07-19
52,Ravi,Giffaut,1951-03-29
53,Dorri,Pawlaczyk,1968-05-07
54,Brina,Pook,1959-01-10
55,Sibyl,Moules,1983-04-22
56,Kiri,Geraudy,1967-10-31
57,Allianora,Muncaster,1988-10-26
58,Othilie,Owthwaite,1969-04-20
59,Cosmo,Canelas,1986-09-25
60,Eugine,McVity,1970-02-13
61,Brnaby,Asty,1955-05-08
62,Oby,Hynson,1978-08-23
63,Barrie,Pettie,1961-05-03
64,Gabbey,Sparling,1963-03-22
65,Isabelle,Camps,1991-01-07
66,Kellina,Egalton,1974-08-26
67,Gabie,Nerne,1955-12-03
68,Hammad,Hillaby,1972-05-04
69,Gretel,Songer,1972-12-14
70,Jesus,Slaight,1988-08-24
71,Albrecht,Bartolomeotti,1959-10-05
72,Linda,Pardal,1998-01-24
73,Kevyn,Comrie,1968-08-27
74,Samuel,Portwaine,1979-03-02
75,Whittaker,Ruspine,1953-06-17
76,Aldin,Millership,1997-03-29
77,Elliot,Renn,1981-05-01
78,Meir,Daughtery,1974-08-15
79,Munmro,Gerrie,2000-08-05
80,Merla,Hillburn,1966-04-11
81,Margeaux,Bolwell,1995-04-09
82,Seymour,Jolley,1987-04-10
83,Caro,Fligg,1968-08-31
84,Kort,Hamby,1991-02-27
85,Valentia,Adnett,1967-11-22
86,Ynez,Tremmel,1994-08-25
87,Vlad,Cromer,1955-11-23
88,Ethan,Hinge,1976-01-02
89,Billie,Trask,1989-09-24
90,Saudra,Jarrette,1974-07-18
91,Aloysia,Agiolfinger,1993-06-22
92,Markus,Embleton,1995-04-04
93,Mignon,Karpol,1960-04-02
94,Lovell,Ruvel,1989-05-12
95,Bernette,Cavilla,1972-12-06
96,Kate,Swyndley,1971-08-16
97,Yoshiko,Farlham,1959-10-03
98,Kylila,Bottoms,1957-09-09
99,Tory,Hornbuckle,1977-09-15
100,Teresa,Valance,1997-12-27
101,Sherwin,Parncutt,1965-12-04
102,Caterina,Jevon,1957-12-01
103,Winfield,Roberds,1983-03-12
104,Margette,Woodings,1985-09-16
105,Ethan,Swaddle,1965-04-23
106,Kennie,Millions,1969-05-25
107,Isiahi,Follett,1957-05-13
108,Johnathan,Queen,1992-05-12
109,Carita,Forestall,1962-04-04
110,Faun,Stothert,1955-11-22
111,Fabian,Milsom,1962-05-18
112,Shaughn,La Wille,1994-10-24
113,Cameron,Foster,1963-08-15
114,Dolf,Krolle,1984-07-01
115,Marshall,Munning,1972-05-19
116,Briggs,Corbin,1980-02-05
117,Christean,Kaley,1995-05-06
118,Edmund,Hulance,1961-03-16
119,Cooper,Senechell,1983-06-29
120,Trevar,Duchatel,1980-02-29
121,Bartholomeus,Robey,1977-12-06
122,Jacynth,Farbrother,1952-08-21
123,Rhiamon,Imort,1958-05-25
124,Kinna,Maude,1995-01-23
125,Glenden,Filippello,1975-05-10
126,Kendall,Croneen,1978-07-24
127,Kathie,Kinrade,1985-07-02
128,Modesta,Shuard,1981-12-18
129,Alena,Kalberer,1960-10-24
130,Viviana,Brownsall,1990-12-20
131,Fern,Finnimore,1960-09-27
132,Monah,Frankcom,1968-02-25
133,Dorey,Blackly,1981-05-20
134,Stevy,Gaskin,1972-05-07
135,Janna,Whittock,1995-11-30
136,Joby,Jindrich,1963-04-01
137,Kirstin,Rodders,1963-03-14
138,Lazar,Hitchens,1963-03-22
139,Carson,Bockings,1960-10-25
140,Bary,Goldhill,1970-10-31
141,Lanette,Guynemer,1956-05-08
142,Vivianna,Dami,1991-12-31
143,Carie,Grzelak,1965-01-05
144,Sheila,Mueller,1999-10-05
145,Katharyn,Capaldo,1998-01-10
146,Maddie,Blockwell,1951-11-10
147,Malissia,Hovey,1979-06-21
148,Viviana,Arbon,1985-04-21
149,Petunia,Gabb,1953-10-25
150,Benjy,Oger,1973-03-03
151,Antony,Rubinfeld,1991-04-15
152,Junie,Bordiss,1951-11-21
153,Farrah,Detloff,1973-02-02
154,Brena,Tant,1961-05-01
155,Richmound,Darwin,1968-06-13
156,Abdul,Charter,1995-11-06
157,Luci,Delves,1976-08-13
158,Randolf,Geram,1986-05-23
159,Cornall,Roskilly,1994-10-06
160,Crista,Skatcher,1965-11-12
161,Jemimah,Pilbeam,1958-11-20
162,Blaire,Kalb,1979-05-29
163,Darill,McCaughey,1973-05-26
164,Madonna,Gardener,1985-02-10
165,Peterus,Fisby,1999-08-19
166,Sigismondo,Headech,1960-07-07
167,Sheelah,Patroni,1953-10-12
168,Hettie,Pollie,1994-10-28
169,Nicole,Dick,1993-12-24
170,Rosemarie,Kingsford,1998-01-20
171,Dougy,Kippax,1986-12-19
172,Jacquelin,Duiged,1971-01-26
173,Claudette,Mourbey,1987-09-05
174,Inigo,Hake,1996-10-26
175,Dasya,Grimstead,1973-08-02
176,Yale,Gynn,1953-07-01
177,Wallas,Winterbourne,1986-11-27
178,Abigael,Seman,1996-12-25
179,Leontine,Nevison,1982-09-13
180,Gerri,Guest,1982-01-05
181,Kiersten,Jellis,1950-12-17
182,Rene,McKenney,1982-01-24
183,Rhys,Massow,1976-07-29
184,Merilyn,Klugman,1988-02-28
185,Abigail,Jacombs,1986-02-19
186,Julee,Guerin,1951-11-18
187,Floria,Skelington,1969-07-21
188,Enoch,Cham,1993-08-14
189,Renell,Guyon,1962-07-27
190,Roma,McVaugh,1957-08-01
191,Bianka,Bach,1981-02-27
192,Tarah,Derrington,1952-12-21
193,Bobinette,Armytage,1963-04-12
194,Daryle,Endrighi,1995-02-08
195,Nani,McGragh,1955-06-23
196,De witt,Rasell,1980-03-30
197,Sile,Jursch,1994-12-07
198,Clive,Samudio,2000-07-27
199,Joann,Whimp,1972-09-05
200,Annadiane,Keepence,1960-06-07
201,Dinny,Deerness,1966-03-08
202,Valeria,Golagley,1974-01-20
203,Jeri,Dinley,1977-10-20
204,Annis,Pietersen,1956-01-06
205,Colene,Sandhill,1971-06-30
206,Herculie,Orans,1961-01-15
207,Gerald,Baythrop,1952-05-03
208,Leonid,McCafferky,1991-05-30
209,Minnie,Kopecka,1966-12-09
210,Garvy,Yukhin,1957-04-02
211,Thurstan,Burtt,1952-09-20
212,Cale,Allatt,1979-02-08
213,Umberto,Tuffin,1966-06-05
214,Ted,Heistermann,1971-04-03
215,Robinson,Lockwood,1975-09-02
216,Cayla,Dake,1967-11-02
217,Anabelle,Peregrine,1986-09-29
218,Sigfrid,Hartegan,1997-09-08
219,Paola,Do,1982-09-28
220,Gerard,Cohalan,1976-01-22
221,Trey,Auty,1999-11-06
222,Ody,Litt,1964-04-18
223,Merridie,Litster,1983-10-18
224,Cinda,Poppleston,1973-02-28
225,Tamarah,Ormiston,1997-02-01
226,Dion,Gilbard,1955-08-27
227,Hanan,Donohue,1987-03-13
228,Archy,Janz,1984-08-04
229,Brear,Halbert,1964-03-19
230,Avrom,Elgar,1954-03-09
231,Christine,Chennells,1984-01-25
232,Doti,Brok,1950-12-19
233,Cass,Baalham,1969-12-03
234,Elfrieda,Trosdall,1990-12-09
235,Carin,Kitteridge,1965-08-26
236,Gardie,Bateman,1978-08-30
237,Jodee,McKleod,1982-05-04
238,April,Brackley,1987-07-31
239,Maryl,Saunt,1963-08-12
240,Ainslee,Corrado,1960-04-04
241,Everard,Brumwell,1969-08-09
242,Jourdain,Kerwood,1965-01-27
243,Rowen,Domke,1960-07-09
244,Hubert,Wegman,1952-05-15
245,Eva,Croisdall,1992-06-12
246,Veronique,Ryde,1994-10-24
247,Joceline,Atheis,1966-12-01
248,Gilli,Pithie,1985-04-05
249,Pegeen,McWhirter,1990-03-14
250,Jo-anne,Gammill,1981-03-13
251,Joane,Micklewicz,1957-01-04
252,Anabel,Persich,1976-07-01
253,Alicia,MacAllaster,1969-07-24
254,Odey,Ferran,1952-02-12
255,Riley,Yanukhin,1973-03-27
256,Sherwin,McNaughton,1990-06-11
257,Donaugh,Dinkin,1972-12-14
258,Bobbie,Pleat,1998-10-03
259,Jordan,Bellin,1952-02-13
260,Neille,Branno,2000-08-06
261,Cosetta,Sowte,1962-10-20
262,Dedie,Dohrmann,1982-09-03
263,Dorris,Stallibrass,1967-03-05
264,Susan,Joutapaitis,1983-02-02
265,Leta,Alaway,1955-10-07
266,Valery,Roelofs,1995-02-15
267,Farley,Janaud,1996-11-06
268,Had,Batisse,1954-04-13
269,Alley,Barton,1958-03-05
270,Curry,Perri,1955-05-06
271,Talya,Sancias,1951-10-17
272,Sherrie,Deakan,1972-02-04
273,Taffy,Olek,1982-11-21
274,Melodie,Caesmans,1962-05-27
275,Julio,Puve,1966-10-09
276,Crissie,Pingstone,1964-09-09
277,Shadow,Haycox,1988-04-23
278,Hayward,Gabe,1986-09-14
279,Levey,Cicci,1995-12-24
280,Grayce,Aughtie,1994-07-04
281,Virge,Radcliffe,1982-11-22
282,Gregoire,Jarritt,1974-06-15
283,Lucy,Teasdale,1980-07-20
284,Hernando,Cereceres,1952-10-22
285,Martina,Schlag,1963-03-05
286,Tabitha,Figgins,1963-07-16
287,Veronique,Alessandrucci,1970-12-10
288,Beauregard,Mayfield,1998-08-18
289,Waylin,Karsh,1988-12-23
290,Jamison,Gilfillan,1979-09-05
291,Ermentrude,Zold,1957-08-20
292,Georgeanne,Alam,1955-06-09
293,Katerine,Rowes,1989-04-14
294,Merrick,Carragher,1966-05-08
295,Daniel,Sprosson,1970-12-07
296,Mike,Oakden,1994-05-02
297,Tildie,Mendel,2000-03-11
298,Bernadene,Guy,1983-10-20
299,Dom,Corben,1968-09-01
300,Early,Leyfield,1976-09-24
301,Karisa,Dowrey,1958-06-12
302,Aguie,Trewhella,1985-03-23
303,Joann,Sugden,1995-06-10
304,Gusty,Ferrand,1971-10-09
305,Bethany,Harry,1984-03-17
306,Torrey,Aitkenhead,1966-08-23
307,Shayna,Forber,1988-11-27
308,Maressa,Gartery,1973-01-20
309,Caz,Elkin,1984-11-28
310,Staford,Halfhead,2000-06-16
311,Horten,Brierton,1982-10-22
312,Gregoire,Sarginson,1968-02-29
313,Townie,Barbosa,1962-02-14
314,Kalila,Dobeson,1953-06-02
315,Tedda,Leas,1988-11-23
316,Kimmy,Wain,1969-10-07
317,Hamilton,Brazear,1963-05-09
318,Haskell,Lintot,1983-12-07
319,Vaclav,Lyes,1985-09-26
320,Margy,Pignon,1963-10-07
321,Berget,Walesby,1981-12-27
322,Olivia,Rippingale,1968-03-11
323,Tedie,Dries,1967-06-16
324,Dorey,Beniesh,1980-07-06
325,Wandis,Hearnaman,1985-07-31
326,Guthrey,Brownsall,1970-03-20
327,Berton,Yellowley,1967-06-11
328,Celestina,Trevains,1978-08-18
329,Debby,Yashanov,1992-04-10
330,Karim,Crowthe,1971-12-18
331,Gottfried,Farfoot,1985-02-08
332,Lenna,Sayles,1976-12-29
333,Linea,Bellis,1968-05-30
334,Susannah,Moulster,1965-11-23
335,Brittne,Harle,1951-01-05
336,Oberon,de Clercq,1996-04-14
337,Maxy,Thickin,1975-09-11
338,Cherilyn,Proud,1987-08-08
339,Lana,Eagell,1993-07-27
340,Madelin,Bonnor,1987-11-30
341,Ive,O'Sherrin,1962-10-23
342,Luelle,Farmloe,1963-05-03
343,Ikey,Colebourne,1992-04-17
344,Kathrine,Hazelton,1990-05-28
345,Benyamin,Kedslie,1962-09-16
346,Christy,Ranner,1967-10-24
347,Constancia,Ganing,1994-11-01
348,Lavinia,Tousy,1982-06-19
349,Benoit,Tocque,1969-08-12
350,Randy,Balsellie,1976-02-08
351,Zane,Rothery,1967-06-06
352,Nevil,Kestin,1984-08-27
353,Genevra,Ramsbottom,1961-05-16
354,Sharla,Clewarth,1955-02-10
355,Bren,Gregoraci,1992-10-28
356,Danny,McAw,1982-05-04
357,Inessa,Iohananof,1956-06-06
358,Paulie,Dani,1995-03-08
359,Celia,Reardon,1982-06-15
360,Lorilyn,Starie,1989-02-19
361,Tillie,Maskall,1953-03-08
362,Hilda,Heers,1980-12-23
363,Dominick,Bluett,1960-09-25
364,Cristin,Jaffa,1973-10-29
365,Hillery,Brockwell,1972-04-04
366,Billi,Taudevin,1955-08-13
367,Lyle,Caulkett,1968-02-17
368,Damian,Albert,1977-12-19
369,Gary,Sier,1953-10-02
370,Lavinia,Lamy,1984-08-25
371,Maris,Newens,1979-10-23
372,Becky,Olenin,1974-07-06
373,Lurleen,Grier,1979-05-20
374,Dalis,Julyan,1971-02-24
375,Cecilio,Langstrath,1999-07-25
376,Carlee,Sagerson,1950-11-28
377,Rorie,Sayers,1994-12-17
378,Jeanelle,Habbes,1955-09-19
379,Paulie,Sallows,1961-02-12
380,Gilli,Vanderplas,1985-07-06
381,Henri,Sommerled,1977-10-17
382,Darryl,Delacroux,1973-06-16
383,Corina,Bessant,1972-04-10
384,Pammy,Grimmett,1978-11-12
385,Swen,Cutchie,1974-03-15
386,Cosme,Backson,1994-07-21
387,Adolphus,Gunningham,1959-06-25
388,Darline,Broughton,1958-10-15
389,Adolph,Jeeves,1969-04-27
390,Blinnie,Ghirardi,1991-04-26
391,Ada,Tyhurst,1959-04-08
392,Mead,Crossgrove,1988-05-17
393,Jolie,Warre,1976-08-06
394,Karlens,Roon,1955-07-16
395,Rodi,Hinnerk,1957-02-19
396,Quincy,Yuryshev,1981-06-29
397,Kristin,MacCartan,1977-11-24
398,Ainslee,Joselson,1964-10-02
399,Gawen,Guise,1986-07-05
400,Lurline,Alyukin,1954-06-27
401,Clarence,Dykins,1961-05-11
402,Elston,Willetts,1985-12-02
403,Vicky,Enion,1973-02-25
404,Melosa,Batsford,1992-08-05
405,Glennis,Sparkwell,1976-03-06
406,Gianna,Lantuffe,1996-12-20
407,Oralla,Leachman,1975-07-13
408,Hardy,Maber,1978-02-25
409,Clayton,Maguire,1960-01-26
410,Paxton,Alldre,1951-03-31
411,Ariana,Duns,1996-06-25
412,Alonso,Bunch,1961-11-05
413,Ricki,Egel,1966-05-10
414,Lin,Warters,1996-08-17
415,Barbette,Eldridge,1998-06-16
416,Barris,Baddiley,1985-11-04
417,Alwin,Pessolt,1982-11-08
418,Bud,Dawes,1969-02-05
419,Vivianna,Bussel,1952-03-01
420,Kary,Ochiltree,1959-03-24
421,Pepi,Hutcheon,1967-06-12
422,Dean,Shrimplin,1964-08-04
423,Christan,Ruberry,1988-08-09
424,Prescott,Blankett,1968-08-24
425,Grantley,Ruprich,1982-08-22
426,Mildred,Karlsson,1953-11-30
427,Aubrette,Crudginton,1992-01-28
428,Tye,Nissle,1992-02-29
429,Mortie,Brankley,1976-12-26
430,Joey,Schutter,1960-04-30
431,Carlie,Trowl,1999-06-04
432,Gilburt,Farndon,1973-08-18
433,Hailee,Hammatt,2000-03-08
434,Winonah,Colafate,1973-06-03
435,Adele,Coldwell,1985-11-18
436,Sandi,de Najera,1975-12-03
437,Antons,Roscoe,1990-09-09
438,Trina,Probey,1998-10-26
439,Vivyan,Rowet,1977-04-02
440,Daryl,Cattlemull,1951-09-19
441,Georgeanna,Fremantle,1966-10-17
442,Virge,Hause,1975-10-02
443,Winifred,Patey,1973-12-09
444,Isaac,Merigon,1975-09-13
445,Leilah,Gatling,1959-10-27
446,Leonardo,Concklin,1953-01-30
447,Tomi,Brophy,1959-10-18
448,Rodrigo,Luisetti,1959-05-11
449,Ase,Hughland,1986-03-19
450,Brinn,Rastrick,1955-07-22
451,Alisun,Crumly,1982-02-09
452,Aldon,Darko,1974-05-07
453,Faythe,Gierek,1986-08-29
454,Charmine,Adger,1956-05-07
455,Gabe,Fosdick,1974-02-03
456,Reggie,Slinger,1966-10-05
457,Gaspar,Antoinet,1958-04-12
458,Steven,Winkell,1982-06-12
459,Hestia,Screas,1970-06-24
460,Jason,Torricella,1967-04-13
461,Alissa,Hasard,1971-01-28
462,Marci,Shotboult,1995-03-03
463,Tory,Wollard,1965-11-10
464,Keely,California,1996-11-22
465,Anatol,Hinks,1988-06-27
466,Elvyn,Doore,1972-06-01
467,Violette,Danks,1951-12-07
468,Cassius,Fardy,1977-12-30
469,Welsh,Taunton.,1993-06-28
470,Jerry,Haugeh,1989-04-07
471,Gwendolyn,Hilliam,1969-08-29
472,Sibby,Davidi,2000-05-31
473,Taffy,Chin,1969-10-07
474,Burtie,Ortelt,1954-10-13
475,Drusie,Purse,1963-03-09
476,Wenonah,Hackworth,1982-02-14
477,Lori,Rizzelli,1957-08-14
478,Aurilia,Galey,1952-04-19
479,Jermaine,Stanwix,1974-09-12
480,Hogan,Phoebe,1961-04-07
481,Jan,Bellard,1970-11-11
482,Zechariah,Hamel,1979-01-22
483,Ranna,Dealy,1966-06-11
484,Maryjane,Ducroe,1966-01-02
485,Leopold,Kennelly,1968-06-25
486,Anthe,Scholey,1968-03-07
487,Berni,Borley,1967-11-06
488,Pat,Aikin,1962-12-23
489,Silas,Mateev,1979-12-16
490,Babara,Snaddin,1958-05-05
491,Marice,Stuckford,1991-04-02
492,Susan,Rubinow,1962-08-22
493,Pascale,Cuniffe,1983-12-20
494,Fulton,Corbridge,1964-03-08
495,Chancey,Stronack,1976-04-16
496,Raquel,Finnes,1952-03-28
497,Herc,Spittles,1956-11-15
498,Daffie,Goodger,1970-03-05
499,Corbett,Tessyman,1982-07-10
500,Syman,Hessay,1953-01-10
501,Ludovico,Sharphurst,1984-03-11
502,Kial,Narracott,1977-02-20
503,Leif,Jeffes,1976-06-04
504,Zeke,Alloisi,1961-02-28
505,Mord,Rounds,1993-12-19
506,Letisha,Heinish,1969-11-05
507,Davis,Saunderson,1972-12-28
508,Gert,Allright,1957-12-08
509,Emmett,Elsdon,1976-12-02
510,Lowrance,McSkeagan,1965-01-22
511,Edmund,Gummer,1967-08-04
512,Gasper,Kolakovic,1990-08-15
513,Amy,Strawbridge,1983-08-23
514,Jase,Cockley,1963-08-17
515,Colet,Cornillot,1970-01-26
516,Amabel,Brandel,1988-10-01
517,Kaia,Depka,1965-12-13
518,Tripp,Jindrich,1992-11-07
519,Parry,Maggi,1989-03-13
520,Rustie,Giffkins,1983-08-18
521,Corrie,Phelp,1993-01-04
522,Heda,Camblin,1987-08-22
523,Alethea,Lamplough,1965-04-08
524,Gerhardt,Neary,1984-05-27
525,Marje,Narramor,1956-11-11
526,Gabi,Kless,1987-01-17
527,Graehme,Dog,1962-07-19
528,Renelle,Quartly,1988-12-20
529,Harli,McKiddin,1972-08-26
530,Zachariah,Mcettrick,1985-11-19
531,Caritta,Brelsford,1996-01-01
532,Stoddard,Dressell,1973-11-11
533,Deeanne,Zanneli,1969-11-30
534,Sheppard,Dumbleton,1964-11-30
535,Jonas,Leggat,1991-08-24
536,Dougie,Dolle,1980-07-24
537,Aurelea,Seaborne,1960-09-12
538,Ebony,Sabie,1965-05-20
539,Tammie,Clerk,1979-06-15
540,Mada,Brazer,1962-10-27
541,Rand,Barley,1964-12-27
542,Wayne,Darree,1973-12-24
543,Shelagh,Cromer,1999-12-12
544,Nickola,Eltun,1952-04-19
545,Stormy,Aberdalgy,1981-04-23
546,Jessie,Husband,1978-03-10
547,Kikelia,Corriea,1986-10-06
548,Marley,Wordsley,1978-12-10
549,Krissy,Longwood,1995-12-18
550,Roxie,Klasing,1991-01-05
551,Garth,Scawn,1978-03-17
552,Tony,Eayrs,1992-08-27
553,Matilde,Woolveridge,1983-09-02
554,Bobbie,Remmers,1984-04-13
555,Dora,De Gregorio,1986-11-26
556,Wenonah,Riddles,1998-05-09
557,Olwen,Iffe,1957-11-14
558,Bridie,Sabine,1967-07-15
559,Florrie,Crambie,1996-02-10
560,Monte,Mitkin,1961-03-04
561,Georgena,Courtese,1979-11-20
562,Seward,Seamarke,1994-11-25
563,Chrissy,Nuemann,1969-02-16
564,Ericha,Raeside,1960-06-07
565,Daron,Monroe,1963-09-16
566,Gregory,Trafford,1954-08-18
567,Sayer,McSkeagan,1987-09-15
568,Verena,Pinare,1982-04-05
569,Jude,Popping,1994-04-19
570,Godiva,Sandbatch,1951-07-11
571,Frazer,Swannick,1953-05-17
572,Reynolds,Sellars,1996-05-10
573,Estevan,Clowney,1986-04-23
574,Thaxter,Byrkmyr,1956-11-02
575,Lanny,Millyard,1962-08-09
576,Thorndike,Hens,1960-09-27
577,Cindi,Gioan,1968-09-14
578,Binnie,Kidner,1957-10-20
579,Geoff,Galway,1988-08-01
580,Darya,Weavill,1999-11-06
581,Jacquenetta,Jobson,1967-09-18
582,Denni,Mayworth,1955-07-28
583,Myrle,Andrysiak,1961-08-19
584,Elladine,Duell,1955-09-28
585,Consolata,Beall,1993-07-01
586,Derry,Woffinden,1982-02-19
587,Lynnett,Louedey,1992-07-21
588,Antony,Balle,2000-09-28
589,Rawley,Nott,1963-09-23
590,Terrence,Gonnin,1960-02-17
591,Aguste,Cawthera,1957-11-24
592,Sheila-kathryn,Lagen,1985-01-05
593,Conroy,Morcom,1953-10-14
594,Alfred,Bellson,1963-12-14
595,Stormy,Thews,1990-11-25
596,Dasya,Dugget,1986-10-22
597,Martie,Lenin,1965-05-31
598,Bill,Dolohunty,1986-12-22
599,Chrissy,Whittick,1958-09-12
600,Jermayne,Tillard,1965-08-24
601,Haily,McGarry,1964-11-25
602,Martino,Van Der Hoog,1954-09-10
603,Simon,Barlie,1980-02-26
604,Odille,McVey,1972-02-20
605,Merissa,Learned,1969-03-26
606,Francisca,Kristoffersson,1977-12-09
607,Alanah,MacPaik,1962-08-28
608,Maybelle,Donnett,1978-03-31
609,Rhoda,Wissbey,1957-03-16
610,Meagan,Lortzing,1984-03-17
611,Thom,Jedrychowski,1975-03-04
612,Ingunna,Cromly,1955-01-04
613,Wash,Ahlf,1952-02-01
614,Todd,Trebble,1988-09-27
615,Milty,Triggle,1980-02-24
616,Courtnay,Laidel,1972-06-03
617,Fara,Walisiak,1961-07-18
618,Cheston,Harold,1982-08-25
619,Erik,Pabel,1992-05-08
620,Lil,Steffan,1978-05-29
621,Jeniffer,Allibone,2000-09-27
622,Sibel,Raithby,1986-12-05
623,Nathanial,Dumphries,1984-08-02
624,Desmond,Buckenham,1967-12-23
625,Mora,Borgars,1952-10-26
626,Lynnell,Andrejevic,1991-12-02
627,Davide,Rau,1989-05-02
628,Lorie,Spensley,1977-02-20
629,Ulick,Luty,1996-03-18
630,Johna,Hadgkiss,1995-05-12
631,Emelina,Mudle,1985-09-26
632,Andre,Laible,1987-09-25
633,Emanuel,McBain,1953-04-12
634,Ardith,Corradini,1982-08-21
635,Brandais,Meadus,1996-12-29
636,Maury,Turgoose,1997-03-21
637,Barbe,Sheepy,1992-07-07
638,Sam,Clousley,1979-11-16
639,Robinet,Moodey,1969-03-27
640,Clyde,Onge,1951-05-21
641,Laryssa,Suston,1987-04-29
642,Berne,Nickless,1969-04-15
643,Scotty,Stennings,1978-01-05
644,Kristofor,Flemmich,1968-12-17
645,Bobby,Poone,1980-04-13
646,Tyrus,Dumsday,1994-08-06
647,Sharity,Dooney,1970-11-16
648,Westbrooke,McCutheon,1967-05-28
649,Trent,Sabbin,1966-03-06
650,Olly,Wey,1966-06-26
651,Donella,Proske,1972-01-22
652,Sayre,Mintoff,1983-10-30
653,Sergent,Kubanek,1973-02-27
654,Devlen,Luna,1979-01-11
655,Hans,Kubelka,1975-09-16
656,Hussein,Bruniges,1960-10-09
657,Nial,Sauvage,1975-03-20
658,Harry,Baitman,1955-10-18
659,Mile,Sirmond,1982-04-20
660,Abraham,McKim,1960-01-25
661,Octavius,Stennard,1965-09-01
662,Dru,Leaves,1955-12-10
663,Clifford,Gledhill,1989-12-14
664,Niki,Garbott,1995-11-08
665,Teodor,Curman,1966-01-20
666,Inge,Ivanikhin,1985-07-08
667,Margarette,Woollam,1979-09-08
668,Barbara-anne,Harce,1995-08-09
669,Benedetto,Hucker,1954-04-18
670,Doris,Cron,1991-08-19
671,Berry,Simmonett,1996-04-17
672,Tonie,Carnie,1960-01-11
673,Della,Abad,1989-01-12
674,Wanda,Bool,1972-11-09
675,Wake,Genicke,1967-08-03
676,Mellicent,Jakubowicz,1970-08-24
677,Smitty,Wickie,1955-02-13
678,Sileas,Birwhistle,1978-03-05
679,Tuesday,Mullett,1962-02-08
680,Hazel,Du Plantier,1982-01-15
681,Devina,Tizard,1957-04-18
682,Shaylyn,Kanwell,1956-11-10
683,Baily,Eriksson,1951-11-03
684,Nilson,Bootyman,1997-05-31
685,Martie,Collough,1974-11-29
686,Paolo,Sherwood,1961-06-15
687,Denis,Olyfat,1957-11-30
688,Ellerey,Wix,1966-08-18
689,Neila,Adlem,1970-01-19
690,Cazzie,Thompstone,1996-10-03
691,Alecia,Ciotti,1984-10-11
692,Sallyanne,Tullis,1997-04-15
693,Laverna,Muzzullo,1953-10-06
694,Pen,Bertouloume,1977-01-04
695,Aeriell,Lucus,1982-10-28
696,Isaiah,Hollingshead,1958-08-31
697,Warde,Finby,1965-08-15
698,Dyna,Tuison,1987-10-18
699,Sterling,Yeabsley,1985-09-25
700,Ky,Edmeads,1974-11-19
701,Carlie,Guenther,1984-06-11
702,Jerrome,McMylor,1981-07-21
703,Kaitlyn,Bockmaster,1953-02-22
704,Lorilee,Bemment,1987-03-04
705,Norrie,Yegorkov,1988-06-01
706,Rora,Gillbe,1998-05-01
707,Jany,Thirkettle,1967-01-08
708,Natalya,Thornebarrow,1953-02-02
709,Carmelle,Holah,1955-04-28
710,Allianora,Macrow,1955-05-16
711,Jelene,Scrace,1993-02-26
712,Georg,Ropartz,1966-11-09
713,Magdalen,Scothron,1960-05-15
714,Datha,Haverty,1958-01-26
715,Calli,Blayd,1994-03-25
716,Wendel,Abbado,1965-03-08
717,Hermie,Andrault,1967-04-04
718,Leyla,Mithun,1984-06-04
719,Georgina,Willmot,1994-07-12
720,Laura,Maplethorp,1961-08-25
721,Margery,Cumbridge,1981-04-10
722,Laraine,Tudor,1955-02-20
723,Glynda,Cavet,1972-08-11
724,Dieter,Petersen,1992-10-18
725,Odelle,Keiley,1955-03-04
726,Tadio,Mustill,1952-07-15
727,Clem,Perutto,1968-02-24
728,Alica,Gwin,1959-08-04
729,Ami,Jirousek,1980-12-25
730,Barby,Upstone,1997-02-13
731,Penn,Catterell,1965-07-07
732,Neville,Smurthwaite,1957-10-30
733,Miriam,Ruddoch,1997-02-21
734,Moria,Roeby,1955-01-12
735,Ephrem,McNiff,1979-02-07
736,Tobe,Cokly,1973-07-01
737,Rochell,Allgood,1964-01-04
738,Ezra,Rainbow,1964-06-02
739,Morna,Goning,1992-06-26
740,Martino,Colchett,1968-05-30
741,Drusie,McQuin,1996-12-29
742,Caralie,Schwant,1975-11-08
743,Linell,Grgic,1978-08-11
744,Lynnet,Ratlee,1960-11-22
745,Glen,Wolfart,1999-03-21
746,Penny,Livingston,1965-03-27
747,Knox,Huckle,1971-05-05
748,Christalle,McQuorkell,1951-10-15
749,Corie,Turri,1992-01-04
750,Isaac,Itzhaiek,1959-09-21
751,Shalne,Sweetenham,1971-10-31
752,Christean,McKain,1987-06-01
753,Polly,Bengough,1960-02-12
754,Xenos,Szwandt,1998-11-13
755,Geoffrey,Cheley,1992-02-08
756,Philippe,Barthelme,1975-04-20
757,Norrie,Elgey,1991-07-20
758,Lenore,Moro,1969-11-10
759,Humfried,Ivancevic,1989-12-18
760,Kareem,Pryce,1987-09-02
761,Guglielma,Rooms,1991-03-08
762,Daisi,Madsen,1973-10-08
763,Burton,Bollin,1995-02-26
764,Vick,Seckom,1996-04-10
765,Sharron,Heare,1997-05-07
766,Adore,Stewart,1968-12-31
767,Tine,Redan,1958-04-11
768,Diahann,Paoletto,1978-04-03
769,Shani,Clemoes,1954-07-13
770,Roxanna,Extal,1981-08-22
771,Ezra,Chappell,1996-01-02
772,Gasper,Paddington,1985-01-05
773,Franni,Plinck,1951-06-25
774,Elmore,Haire,1986-10-29
775,Edna,Piddocke,1952-08-19
776,Geoff,Southard,1952-03-03
777,Sheeree,Waltho,1962-04-04
778,Cal,Pinnington,1967-07-01
779,Merry,Grzelczak,1982-01-26
780,Northrop,Gadie,1971-12-13
781,Katharine,Benasik,1968-09-30
782,Alvis,Shallo,1992-10-17
783,Ilysa,Camilletti,1962-03-21
784,Marybelle,Carabine,1995-10-22
785,Libbie,Kervin,1976-01-02
786,Ailsun,Clemenson,1968-06-03
787,Jobyna,Batting,1982-03-13
788,Hershel,McPeeters,1993-12-30
789,Bar,Marciskewski,1957-11-23
790,Waneta,Franzoli,1998-06-23
791,Jerrome,Mulbry,1970-09-11
792,Vlad,Terbruggen,1960-08-07
793,Ringo,Whotton,1969-04-01
794,Evelina,Jiroutek,1998-10-19
795,Leonard,Luna,1991-04-20
796,Wait,Pawlett,1980-05-24
797,Dukie,Casol,1978-11-26
798,Peadar,O'Cahey,1977-03-21
799,Benni,D'Acth,1997-09-20
800,Jannelle,Napper,1954-03-04
801,Dalis,Yglesia,1959-09-20
802,Ronnie,Mahody,1980-03-22
803,Lanny,Pash,1966-03-26
804,Lanni,Carradice,1976-12-13
805,Olympie,Deverille,1973-09-14
806,Gerrie,Bidnall,1963-04-14
807,Wendie,Dillimore,1963-03-17
808,Stephi,Edrich,1981-06-30
809,Royce,Carnaman,1953-06-20
810,Darlene,Mandrier,1970-03-14
811,Alexei,Jestico,1999-01-07
812,Barthel,Wilcot,1978-08-31
813,Gaven,Dalgetty,1964-10-30
814,Coretta,Kuhnwald,1979-12-27
815,Tamarah,Kentwell,1986-08-04
816,Herrick,Rapp,1979-04-12
817,Oren,Halliburton,1991-05-27
818,Douglass,Bilbie,1987-04-19
819,Graehme,Hinrichs,1984-09-22
820,Chandal,O'Corr,1955-02-26
821,Anestassia,Hobgen,1954-10-17
822,Johanna,Greenhill,1964-05-09
823,Cesya,Rockell,1996-04-09
824,Robb,Claiden,1989-01-11
825,Orin,Caverhill,1958-05-12
826,Jaine,Tander,1964-11-18
827,Marilee,Riggeard,1994-10-26
828,Phillis,Muneely,1975-02-05
829,Allyson,Bouzek,1958-02-23
830,Inna,Dullard,1957-06-17
831,Benjamen,Rockingham,1953-11-11
832,Mureil,Dungey,1989-01-09
833,Jasmina,Yakubovich,1991-05-31
834,Hollie,Kerbler,1954-07-22
835,Shannan,Darrell,1996-10-29
836,Oswald,Brydson,1964-10-14
837,Nessy,Snepp,1961-08-06
838,Kassandra,McNeely,1969-04-28
839,Collette,Hacquard,1960-02-17
840,Livvy,Cowling,1985-04-17
841,Vera,Vautre,1981-08-01
842,Abdel,Baldelli,1954-10-03
843,Leone,Mannie,1968-10-20
844,Julieta,Sudlow,1966-01-29
845,Hillie,Buchan,1991-09-27
846,Adamo,Borman,1961-01-31
847,Fionnula,Dilliway,1952-12-06
848,Stacee,Nairns,1986-05-14
849,Amargo,Danit,1978-02-03
850,Joy,Madre,1958-05-24
851,Jerrome,Killough,1991-09-27
852,Joy,O'Kuddyhy,1998-08-18
853,Robbi,Buzza,1980-08-14
854,Porty,Bette,1993-10-29
855,Lawry,Gilliat,1969-02-04
856,Ariana,Nevett,1999-04-23
857,Lyell,Sibson,1951-09-11
858,Cherianne,Wressell,1958-01-19
859,Fleur,Gorrissen,1959-03-03
860,Lowell,Dudney,1991-07-26
861,Querida,Gudeman,1951-03-08
862,Dino,Gasker,1951-07-25
863,Guinevere,Monsey,1977-04-05
864,North,Fink,1994-03-20
865,Elli,Viant,1995-02-28
866,Chadd,Teodori,1981-08-24
867,Eveline,Cluff,1956-10-09
868,Regina,Matfin,1975-09-22
869,Ludovico,Gernier,1959-04-10
870,Edi,Cornilleau,2000-01-31
871,Sybille,Verden,1992-02-02
872,Sig,Kelsey,1957-11-14
873,Devin,Dominguez,1980-03-08
874,Bo,Levy,1982-03-07
875,Wolfy,Vicar,1975-10-30
876,Pen,Shirtliff,1995-06-15
877,Willie,Cluet,1968-03-12
878,Susana,Ankers,1990-01-10
879,Myrilla,Tipton,1994-04-05
880,Laina,Krier,1999-10-13
881,Lydon,Bengle,1951-03-02
882,Janith,Denholm,1961-10-05
883,Henri,Eberz,1955-07-30
884,Sandra,Crowter,1967-01-07
885,Maryrose,Ivakin,1989-12-27
886,Bertha,Liveley,1958-11-21
887,Lona,Rodenburgh,1985-07-29
888,Randolph,Pepall,1960-04-06
889,Lyon,Waye,1951-04-25
890,Remy,Rioch,1964-10-13
891,Artemas,Langridge,1999-02-01
892,Erick,Batty,1961-01-03
893,Tabbie,Aslet,1996-02-11
894,Birch,Maric,1952-06-06
895,Anderson,Beviss,1984-05-14
896,Jacenta,Gally,1998-02-20
897,Morrie,Wattam,1976-07-21
898,Stanly,Pymar,1951-05-24
899,Karine,Casburn,1978-02-21
900,Oralia,Eskriett,1977-01-18
901,Lorine,Sammon,1988-12-10
902,Kendal,Aldhouse,1972-10-21
903,Even,Westby,1981-08-28
904,Leonid,Hatherleigh,1980-05-29
905,Dud,Aguilar,1956-11-06
906,Cherice,Vaar,1968-12-20
907,Anderea,Roels,1975-06-15
908,Wylma,Phorsby,1975-06-24
909,Nicolis,Stennings,1968-08-10
910,Chucho,Duggan,1959-02-10
911,Tremaine,Matthewson,1989-08-11
912,Vlad,Browse,1979-02-26
913,Jennie,Tibalt,2000-09-25
914,Seward,Goulden,1961-07-05
915,Charles,Sellner,1963-12-11
916,Maude,MacSherry,1978-07-25
917,Aime,Linnock,1958-07-17
918,Annabella,Rankine,1966-05-04
919,Corilla,Lonsdale,1996-12-13
920,Baily,Boays,1960-08-17
921,Conny,Finlan,1967-09-29
922,Mia,Hainsworth,1998-10-12
923,Darleen,Vanelli,1959-03-29
924,Edward,Skough,1966-09-28
925,Madelin,Myrie,1964-01-01
926,Alfi,Dowry,1974-09-14
927,Mirabelle,Floris,1965-06-22
928,Olin,Langley,1985-08-28
929,Hardy,Rollings,1981-03-19
930,Rogerio,Rushton,1975-09-15
931,Georgina,Lobb,1977-02-08
932,Larisa,Rickword,1962-09-01
933,Rube,Kirkman,1972-12-06
934,Hazel,Jacson,1980-03-25
935,Gweneth,Feltoe,1955-08-31
936,Alene,Rex,1965-11-21
937,Katy,Fieldgate,1965-06-13
938,Jaquenetta,Stobbart,1978-08-16
939,Torrie,Faldo,1973-01-12
940,Weidar,Etoile,1964-11-06
941,Barrie,Stannis,1961-07-24
942,Onfre,Balogh,1953-05-16
943,Bryna,Sheddan,1990-08-22
944,Peirce,Nafzger,1997-07-16
945,Oona,Ellerman,1983-06-20
946,Belicia,Figger,1959-08-28
947,Leonelle,Blader,1992-12-30
948,Bert,Sleet,1999-04-25
949,Lulu,Tibbotts,1958-02-10
950,Butch,Drinkhill,1971-05-03
951,Ruthe,Shilston,1978-09-27
952,Eleonore,Spearett,1976-10-28
953,Cozmo,Gillaspy,1968-04-03
954,Kass,Whitaker,1951-11-28
955,Adaline,Karsh,1964-03-10
956,Melisandra,Jenken,1998-09-26
957,Rourke,Cankett,1963-10-13
958,Kaja,Sigart,1965-03-05
959,Gavan,Bartosiak,1962-01-10
960,Doralynne,Castanone,1982-01-15
961,Ryon,Pracy,1975-08-14
962,Cully,Kentwell,1994-06-01
963,Georges,Chyuerton,1963-03-31
964,Aubry,Spat,1969-10-28
965,Ardisj,Bailie,1960-10-27
966,Tanner,McElwee,1958-05-14
967,Danya,Klewer,1961-03-30
968,Erskine,Andree,2000-06-29
969,Iosep,Tidd,1962-03-03
970,Theadora,Marshman,1979-02-17
971,Sammy,Gately,1974-03-17
972,Koo,Southorn,1967-11-12
973,Della,Brittian,1994-12-06
974,Freda,Maly,1955-11-06
975,Nicholas,Sycamore,1951-10-03
976,Shannen,Stairmond,1984-01-07
977,Timothee,Lindegard,1960-09-07
978,Mufi,Verrico,1982-03-21
979,Kristen,Hamflett,1984-11-21
980,Patrizius,Derrick,1968-04-24
981,Claudetta,Pache,1977-06-13
982,Valeria,Siggery,1977-08-30
983,Fionnula,Bartolozzi,1986-11-14
984,Alanah,Filintsev,1980-10-24
985,Martyn,Benazet,1986-07-09
986,Opal,Vickarman,1954-01-29
987,Rochette,Swyn,1999-01-07
988,Erastus,Foss,1982-09-22
989,Babara,Colthurst,1986-08-21
990,Margarethe,Drummond,1961-06-18
991,Felike,Paolini,1963-06-26
992,Rog,Goulding,1994-12-20
993,Berky,Nancekivell,1994-05-05
994,Daveen,Lendrem,1977-06-17
995,Giorgi,MacKey,1958-05-06
996,Rudie,Pinchen,1952-10-08
997,Dorian,Oaker,1964-08-03
998,Aloysia,Swabey,1970-12-27
999,Timothea,Awmack,1986-11-21
1000,Hatty,Josey,1992-08-27
