email,contact_id
svasyanin0@facebook.com,525
bwhitcomb1@paypal.com,865
abosket2@bbb.org,510
iostrich3@spiegel.de,770
dclaus4@chron.com,371
swermerling5@sciencedaily.com,827
cskrine6@ft.com,398
oramshaw7@sitemeter.com,582
dbouzan8@hubpages.com,145
wdrohane9@disqus.com,394
ldeartha@e-recht24.de,377
crashleighb@parallels.com,482
elockleyc@yolasite.com,51
otudged@guardian.co.uk,519
kgatrelle@edublogs.org,190
kbloggettf@paginegialle.it,512
ssprosong@nationalgeographic.com,235
conealh@state.tx.us,718
gkelwaybamberi@home.pl,391
swalklottj@reference.com,559
ctolchardek@google.ca,702
adalyl@dailymail.co.uk,139
anassaum@meetup.com,504
wjakubowskyn@hao123.com,257
afruino@eepurl.com,550
abarensp@mysql.com,471
asaterweyteq@census.gov,915
sburrassr@bing.com,675
gwagstaffes@example.com,134
asainsburybrownt@fc2.com,364
vgensavageu@si.edu,661
afilippovv@wired.com,410
fjellymanw@xinhuanet.com,334
awilcockesx@yale.edu,714
cgiereky@slideshare.net,782
mburdonz@cocolog-nifty.com,556
mdives10@qq.com,797
mcolville11@accuweather.com,616
mfuncheon12@guardian.co.uk,216
lnottingham13@liveinternet.ru,999
dgascoigne14@addtoany.com,82
hwyldbore15@statcounter.com,625
tcarlisso16@cyberchimps.com,557
spettisall17@ftc.gov,355
ajeffers18@ca.gov,9
gcartner19@hubpages.com,893
vcapps1a@go.com,722
anairy1b@answers.com,584
awickson1c@delicious.com,684
aargabrite1d@ezinearticles.com,351
rstaniforth1e@webs.com,579
sgittens1f@163.com,155
vmugglestone1g@yahoo.co.jp,821
rraywood1h@creativecommons.org,817
nafonso1i@angelfire.com,996
ttaffe1j@smugmug.com,827
mfrise1k@webs.com,393
hzannuto1l@over-blog.com,742
gisakov1m@w3.org,467
sbarabich1n@addthis.com,173
ahasser1o@123-reg.co.uk,539
kargyle1p@exblog.jp,8
erandalston1q@epa.gov,736
cdomican1r@meetup.com,744
cmilbourn1s@mapy.cz,610
dpenton1t@google.com.hk,591
rmachel1u@weather.com,204
nrehor1v@sciencedirect.com,708
mlambkin1w@google.co.uk,759
lpaulet1x@opensource.org,137
lcrehan1y@skyrock.com,375
kuzzell1z@sciencedirect.com,292
crenahan20@examiner.com,238
hdaverin21@plala.or.jp,75
beickhoff22@marketwatch.com,214
maslie23@bizjournals.com,499
ghellcat24@twitpic.com,959
fkippins25@istockphoto.com,719
ddwight26@eventbrite.com,852
nbardsley27@wikimedia.org,329
hdiegan28@flickr.com,857
ayurin29@cbc.ca,973
dcollen2a@marriott.com,807
lwinny2b@wsj.com,685
sheatlie2c@google.com,467
mdalliwatr2d@imageshack.us,476
vrantoul2e@zdnet.com,60
pcollman2f@dion.ne.jp,750
ksandison2g@omniture.com,286
cravenshear2h@hostgator.com,241
slaurenceau2i@hibu.com,356
maleveque2j@hp.com,263
cavarne2k@i2i.jp,362
bmcwaters2l@reverbnation.com,46
fkiddy2m@amazonaws.com,189
aivanin2n@google.pl,485
mnusche2o@freewebs.com,134
btunny2p@mayoclinic.com,969
jbilam2q@sitemeter.com,317
egellan2r@hc360.com,409
srapier2s@ocn.ne.jp,854
kgallichan2t@kickstarter.com,826
mgwalter2u@networkadvertising.org,65
emackean2v@blinklist.com,368
cspridgeon2w@aol.com,378
fosgardby2x@tumblr.com,331
iloughran2y@booking.com,876
dgaddesby2z@ucla.edu,924
khankey30@paypal.com,41
vwudeland31@google.pl,12
gpetofi32@bizjournals.com,381
twhorton33@twitpic.com,600
ktullis34@bing.com,454
swandrey35@gmpg.org,506
sjuhruke36@cnn.com,588
mjantot37@plala.or.jp,422
mlumbley38@jalbum.net,225
jturbern39@time.com,394
epenelli3a@geocities.jp,630
mtomik3b@1und1.de,465
smcfarlan3c@businessweek.com,382
wsams3d@time.com,286
nglaze3e@godaddy.com,785
tclemas3f@ifeng.com,432
sduplock3g@globo.com,101
hgaisford3h@archive.org,426
vtroutbeck3i@who.int,285
cbuckthorp3j@aboutads.info,221
gfalkinder3k@prlog.org,624
qyancey3l@people.com.cn,789
pkaasman3m@themeforest.net,679
gdacosta3n@cocolog-nifty.com,476
wjosefson3o@bandcamp.com,597
tgaratty3p@cornell.edu,845
gfreckingham3q@1688.com,380
lzamora3r@auda.org.au,344
kalgeo3s@chron.com,939
ssilversmidt3t@weebly.com,12
zcuesta3u@seattletimes.com,246
tdemoge3v@oakley.com,187
sbramich3w@yelp.com,990
mkingzet3x@surveymonkey.com,838
larchbald3y@exblog.jp,610
lmedgewick3z@barnesandnoble.com,854
jkarby40@imageshack.us,632
nboakes41@ovh.net,955
qdorricott42@apache.org,248
lhutfield43@weebly.com,137
jarden44@bluehost.com,19
mrowan45@jalbum.net,716
bmarcos46@g.co,425
kfydoe47@pen.io,348
pneat48@acquirethisname.com,413
tlittlemore49@yahoo.com,23
mbetjes4a@joomla.org,70
freedie4b@uiuc.edu,669
jdodds4c@ibm.com,786
alearmount4d@ycombinator.com,361
zmccarter4e@typepad.com,365
aemney4f@mozilla.org,600
gcisec4g@blogger.com,543
pstollwerk4h@comsenz.com,452
mopfer4i@usgs.gov,939
mbancroft4j@archive.org,151
csieb4k@nyu.edu,782
lsaipy4l@java.com,516
lhusselbee4m@ehow.com,635
rmcallen4n@ezinearticles.com,820
lantonacci4o@elpais.com,632
mrowan4p@xrea.com,129
prediers4q@eventbrite.com,808
jlinsley4r@engadget.com,692
brobinette4s@hatena.ne.jp,321
celwell4t@wiley.com,192
nbassano4u@friendfeed.com,469
eleys4v@istockphoto.com,222
vbritnell4w@youtube.com,127
lfried4x@ucsd.edu,800
pbeed4y@tinypic.com,19
ntellett4z@telegraph.co.uk,711
cbawden50@accuweather.com,136
kbreissan51@comcast.net,987
jelland52@nydailynews.com,565
kchalke53@state.gov,926
lbase54@free.fr,451
anewham55@mail.ru,748
boki56@springer.com,502
gredferne57@cnet.com,309
eblatcher58@shutterfly.com,24
rmacvicar59@bbb.org,532
tspencer5a@vistaprint.com,748
msybry5b@over-blog.com,552
msconce5c@hostgator.com,636
lharrigan5d@shinystat.com,948
kpolley5e@imgur.com,205
lgrassett5f@ca.gov,277
tmcarte5g@jiathis.com,516
emusterd5h@barnesandnoble.com,449
jbasire5i@youtube.com,652
eplitz5j@usda.gov,842
mwitch5k@google.com.br,131
mcortez5l@sciencedirect.com,575
adyett5m@mit.edu,244
upaulsen5n@dropbox.com,470
dbaudrey5o@friendfeed.com,98
bcahey5p@blogtalkradio.com,925
rwadesworth5q@guardian.co.uk,441
ecornish5r@sfgate.com,152
mkilby5s@yelp.com,548
hhyland5t@etsy.com,180
acianni5u@flavors.me,232
hcharrett5v@dot.gov,284
bantonomolii5w@auda.org.au,663
abatiste5x@skype.com,730
zharrema5y@blog.com,111
lvaar5z@godaddy.com,941
mbutterly60@ed.gov,899
bsharpous61@tiny.cc,877
bgerring62@constantcontact.com,933
ygosforth63@instagram.com,893
sashelford64@merriam-webster.com,20
gguillerman65@creativecommons.org,991
nstrickler66@ebay.co.uk,940
bsenn67@amazon.com,7
egiraux68@fda.gov,380
tbumford69@booking.com,44
ecolter6a@ted.com,265
mgaraghan6b@businessweek.com,949
mcromblehome6c@tuttocitta.it,652
hweller6d@ning.com,936
fsiggens6e@bizjournals.com,66
ggeraghty6f@whitehouse.gov,648
rugo6g@apache.org,502
npolland6h@histats.com,878
easser6i@bizjournals.com,382
bbarnewell6j@live.com,805
wlockery6k@nih.gov,974
ckeeri6l@fc2.com,898
nhalgarth6m@sbwire.com,163
ebraywood6n@ucoz.com,42
estittle6o@merriam-webster.com,423
emyerscough6p@accuweather.com,231
epassfield6q@google.cn,772
aleipnik6r@sina.com.cn,181
khanmore6s@xing.com,390
gpartridge6t@whitehouse.gov,310
lmatschuk6u@jiathis.com,658
rjozefczak6v@wix.com,819
bmacginlay6w@usnews.com,55
egibbons6x@boston.com,241
vnormant6y@exblog.jp,783
srobley6z@alexa.com,510
wmackomb70@shinystat.com,584
pmennell71@foxnews.com,98
jsircomb72@acquirethisname.com,366
fblandford73@plala.or.jp,376
dlindborg74@constantcontact.com,283
mallmark75@microsoft.com,847
zlowdiane76@indiatimes.com,381
twrightem77@blogtalkradio.com,77
tlorence78@webs.com,698
rabreheart79@skype.com,325
kcoulton7a@ameblo.jp,74
akelbie7b@reuters.com,392
zhosten7c@elegantthemes.com,979
ncaccavella7d@shutterfly.com,512
ksummerside7e@xrea.com,334
gdanter7f@slashdot.org,896
slammiman7g@shinystat.com,213
mfairlam7h@wikia.com,591
ahair7i@unblog.fr,401
fjumel7j@ihg.com,132
dianelli7k@arstechnica.com,412
mpahler7l@histats.com,49
gickovits7m@nsw.gov.au,350
csidgwick7n@cdc.gov,408
hugoletti7o@meetup.com,193
abramstom7p@archive.org,753
jwilder7q@51.la,496
gzieme7r@techcrunch.com,612
hcausby7s@fc2.com,586
jlukehurst7t@typepad.com,195
ishackleton7u@thetimes.co.uk,518
lbonn7v@cpanel.net,496
wkillough7w@cnn.com,260
hkinner7x@chicagotribune.com,393
cbauduccio7y@nature.com,845
aspurling7z@umich.edu,851
hfosten80@nsw.gov.au,945
vandryszczak81@joomla.org,580
tmateiko82@blogs.com,304
kbachelar83@upenn.edu,271
gcauthra84@msn.com,737
ldomsalla85@ted.com,86
vhellin86@exblog.jp,313
hpahlsson87@rakuten.co.jp,798
lbowker88@blogs.com,152
dlinnock89@youku.com,539
bwilkin8a@state.gov,278
ahoyte8b@vistaprint.com,237
bgoldster8c@state.tx.us,912
aaggas8d@un.org,122
ygratrix8e@umich.edu,326
ldegiorgis8f@amazon.co.uk,49
ilafayette8g@seesaa.net,499
jvondruska8h@constantcontact.com,790
clerway8i@cdc.gov,576
tdavenport8j@java.com,694
dhawney8k@wikispaces.com,578
ehailey8l@mapy.cz,173
dblowne8m@shinystat.com,677
ayabsley8n@163.com,948
egooderick8o@fastcompany.com,631
jcranstone8p@nifty.com,262
gbavin8q@telegraph.co.uk,690
mbattrum8r@bloglovin.com,422
peveling8s@tinyurl.com,873
smattke8t@sphinn.com,735
areven8u@miitbeian.gov.cn,494
lpetley8v@flickr.com,646
bvlach8w@hc360.com,143
egiblin8x@usa.gov,539
garbuckle8y@yandex.ru,485
bofihily8z@webmd.com,965
ctanguy90@wired.com,947
mdunk91@about.me,135
adrache92@creativecommons.org,588
dchesney93@dmoz.org,596
rmarlow94@stanford.edu,846
hwhines95@amazonaws.com,839
pfluck96@wired.com,751
jwreford97@ocn.ne.jp,802
phannay98@infoseek.co.jp,60
dkenyam99@slideshare.net,530
kmacconaghy9a@cornell.edu,77
cbaildon9b@last.fm,676
lsewill9c@newsvine.com,139
dshambrook9d@kickstarter.com,391
lmcgeachy9e@pinterest.com,725
bleveridge9f@squarespace.com,472
mpiatkow9g@bbb.org,371
bskyram9h@usda.gov,180
cjosuweit9i@nydailynews.com,418
mdruitt9j@google.com.br,281
dplover9k@fema.gov,238
mdaymond9l@columbia.edu,352
csambeck9m@wufoo.com,768
rcarding9n@google.pl,346
dkairns9o@yale.edu,198
pdayly9p@skyrock.com,641
jphethean9q@cargocollective.com,310
rjennions9r@technorati.com,218
taldwich9s@360.cn,628
emelesk9t@tumblr.com,840
fbrissenden9u@nymag.com,438
hgoodinson9v@usgs.gov,936
bworgen9w@myspace.com,431
apetriello9x@usa.gov,184
aduffet9y@smh.com.au,607
ianstiss9z@google.de,186
sdimitrova0@geocities.com,674
lbourleya1@csmonitor.com,402
fgreberta2@businesswire.com,737
hbruckentala3@1und1.de,656
cdebella4@tiny.cc,514
kattenburrowa5@imageshack.us,374
mgavriellya6@nifty.com,235
tcastelota7@liveinternet.ru,139
mcawseya8@dot.gov,413
owoodleya9@typepad.com,593
gkunzeaa@ow.ly,747
gserrierab@unblog.fr,745
lmuggletonac@ucsd.edu,47
gvossingad@blinklist.com,264
rtimothyae@usgs.gov,606
gbranchaf@google.ca,769
dberntssenag@is.gd,804
tmcmurtyrah@technorati.com,436
llorkingai@dailymail.co.uk,982
bbegganaj@cbc.ca,107
cmatiasak@weather.com,50
jfaithornal@free.fr,207
opitceathlyam@comcast.net,323
flakesan@amazon.de,215
ksauvenao@wiley.com,300
yspurrittap@latimes.com,467
gcrutchleyaq@paginegialle.it,797
wfairyar@bravesites.com,985
bmcgeochas@ow.ly,807
mtoppat@list-manage.com,153
rbandeyau@eepurl.com,457
wfayerav@answers.com,249
sswadenaw@tripod.com,822
afergusonax@jimdo.com,709
blangfielday@miitbeian.gov.cn,769
psapautonaz@boston.com,941
yalbrob0@163.com,339
lmeffinb1@ibm.com,106
hcowserb2@omniture.com,126
bharmanb3@jalbum.net,29
mglanzb4@umn.edu,852
cfarleighb5@berkeley.edu,539
vmacilraithb6@de.vu,321
acrossinghamb7@amazonaws.com,45
sbannesterb8@hibu.com,827
tbeavenb9@google.com.au,325
ebourhillba@studiopress.com,596
hottiwillbb@narod.ru,559
hduncombebc@admin.ch,813
dtripneybd@psu.edu,98
pcracebe@wsj.com,325
eborrowmanbf@ucoz.com,601
jdabesbg@sitemeter.com,198
smussottibh@geocities.com,904
mbiglinbi@jugem.jp,329
mbembridgebj@indiegogo.com,413
adifranceshcibk@who.int,515
gkilpatrickbl@miibeian.gov.cn,112
wbendellbm@bluehost.com,499
mhefferonbn@mlb.com,775
oscolesbo@cam.ac.uk,147
xneatbp@fastcompany.com,533
raskhambq@biblegateway.com,694
mdaskiewiczbr@gov.uk,736
rcloonanbs@cnbc.com,76
epatershallbt@wikia.com,537
tputtickbu@merriam-webster.com,872
hmacaribv@shutterfly.com,506
jbaurerichbw@washingtonpost.com,744
zjurisicbx@bigcartel.com,527
dwratesby@privacy.gov.au,135
fmarklowbz@nhs.uk,807
rstrodec0@barnesandnoble.com,2
eminocchic1@unicef.org,69
msoansc2@nasa.gov,254
sreynardc3@auda.org.au,292
jdominettic4@auda.org.au,343
vyedallc5@gmpg.org,61
ckondratenkoc6@tumblr.com,270
gmacparlandc7@ocn.ne.jp,600
kbraimec8@jigsy.com,457
jlanpherec9@craigslist.org,103
ftunnyca@wikipedia.org,981
lleinthallcb@weibo.com,445
jwoodthorpecc@google.nl,665
sboissieuxcd@usnews.com,233
pelcockce@europa.eu,237
dterzicf@webnode.com,810
lconticg@cam.ac.uk,436
daugerch@desdev.cn,479
tbournerci@google.ca,409
ispondercj@census.gov,53
dgisckenck@privacy.gov.au,469
mdimmercl@zdnet.com,753
vborehamcm@uol.com.br,517
cgorwoodcn@cnet.com,595
amconieco@acquirethisname.com,348
dpoulneycp@usda.gov,162
lescaleracq@friendfeed.com,483
ndearingcr@google.nl,479
mromagosacs@abc.net.au,766
sspadonict@unicef.org,871
hdorsaycu@japanpost.jp,711
rhillettcv@msn.com,948
coattescw@marriott.com,944
bsemenscx@liveinternet.ru,479
cpowriecy@nasa.gov,309
rdupreycz@addtoany.com,798
oeschd0@salon.com,537
dwaterdrinkerd1@apple.com,283
tnoddled2@scribd.com,558
ntowsd3@myspace.com,721
dparnabyd4@meetup.com,471
kferraracciod5@goo.gl,869
swhalebellyd6@fda.gov,735
bplesingd7@mashable.com,881
khusselld8@instagram.com,165
lcornesd9@virginia.edu,666
hstobartda@squidoo.com,719
cfostdb@over-blog.com,883
keshdc@exblog.jp,782
jdoakdd@latimes.com,560
tmcteaguede@vkontakte.ru,475
tcarldf@ning.com,81
ddelapdg@goo.gl,539
gferrellidh@comcast.net,328
hmcphadendi@cdbaby.com,258
rfowdendj@parallels.com,801
cropedk@acquirethisname.com,500
rhanscombdl@jimdo.com,207
tculpandm@cam.ac.uk,160
lforsythdn@marriott.com,502
fbottonerdo@wikimedia.org,889
nplakdp@histats.com,730
dfranciscodq@state.gov,134
asilverthornedr@reverbnation.com,313
sbartads@issuu.com,505
bstennarddt@weibo.com,50
agiorgiellidu@vimeo.com,554
ncousansdv@dailymail.co.uk,785
ltruemandw@abc.net.au,885
mdelisledx@businessweek.com,680
jduffydy@ucoz.ru,326
wcaffertydz@amazon.de,354
mmeesee0@icq.com,608
kdulye1@ning.com,882
ovillee2@cam.ac.uk,530
ethomee3@yahoo.com,807
rswalese4@about.me,102
sbrislanee5@drupal.org,405
dhardbattlee6@ehow.com,390
ngulce7@discovery.com,298
ctorrancee8@edublogs.org,279
cmordantie9@spiegel.de,164
ddefrancescoea@e-recht24.de,549
pmecozzieb@washington.edu,657
mmarcosec@altervista.org,851
dwoodwarded@baidu.com,781
jhucksteppee@tripod.com,488
hsharpeef@odnoklassniki.ru,336
squartermaneg@netvibes.com,921
ekarmeleh@ow.ly,678
lfaulconerei@multiply.com,280
agullandej@earthlink.net,852
fcackettek@nba.com,324
jbeachemel@miibeian.gov.cn,267
gquinceem@oaic.gov.au,196
eyoutheden@ycombinator.com,507
chabbijameo@homestead.com,649
atillmanep@pinterest.com,710
bgelderteq@oakley.com,207
gcorneliuser@walmart.com,506
jduffites@mozilla.org,968
glabbetet@soup.io,472
cbastimaneu@amazonaws.com,631
maspreyev@gov.uk,272
uhunnisettew@who.int,528
kpedrozziex@senate.gov,345
nscheuey@ca.gov,344
sphilpinez@narod.ru,318
vpollicattf0@51.la,612
mbriknerf1@scientificamerican.com,50
lcraighillf2@about.me,407
ehemshallf3@bluehost.com,370
mgrubbf4@joomla.org,683
jdeverallf5@ustream.tv,403
qmillamf6@go.com,19
fhehirf7@state.tx.us,626
nlukianovichf8@nba.com,952
elaethamf9@ted.com,241
rperfectfa@joomla.org,710
etompionfb@narod.ru,16
pcoetzeefc@oakley.com,744
dtugwellfd@shinystat.com,293
cmanselfe@cdbaby.com,480
sscrannyff@webnode.com,868
zreaneyfg@goo.ne.jp,5
eluckhurstfh@china.com.cn,40
bpullingerfi@flavors.me,376
fjarlmannfj@hubpages.com,29
cedmondsonfk@illinois.edu,890
mbiggenfl@mayoclinic.com,625
wplacidifm@google.it,628
dramalhofn@google.ca,375
lbiskupfo@cafepress.com,492
rgirlingfp@xrea.com,620
afurnissfq@ow.ly,118
bpersianfr@opera.com,499
lchurchyardfs@bandcamp.com,53
jhabershonft@jiathis.com,510
abotrightfu@alibaba.com,757
jhoyerfv@unesco.org,608
klemmerfw@fastcompany.com,889
lblackfx@wikipedia.org,765
mpurdomfy@dmoz.org,722
ldibartolommeofz@jiathis.com,184
nsessionsg0@w3.org,671
lgulbergg1@reddit.com,170
afawthropg2@hao123.com,224
eparlorg3@paginegialle.it,466
aoliviag4@illinois.edu,929
agoulterg5@fda.gov,170
kraimang6@ihg.com,37
msnapg7@icq.com,70
jjoselevitchg8@free.fr,575
vmayberyg9@blinklist.com,450
csinclarga@wunderground.com,583
dkempshallgb@buzzfeed.com,548
skiltiegc@spotify.com,526
tdesaverygd@comcast.net,291
amccaugheyge@tuttocitta.it,400
kjohanchongf@nba.com,948
rescolmegg@last.fm,557
gclewgh@twitpic.com,625
bharringtongi@list-manage.com,640
pbraffingtongj@theguardian.com,122
gzorngk@google.co.jp,768
gfennellygl@smugmug.com,386
fprandingm@themeforest.net,685
ralldisgn@netvibes.com,471
avitallgo@springer.com,740
mavrasingp@1und1.de,830
wlabromgq@google.ca,692
csacchettigr@mapquest.com,177
amccarlgs@wsj.com,18
cmacareegt@themeforest.net,343
psturegu@merriam-webster.com,389
dknewstubbgv@ehow.com,593
wfritchegw@google.com.hk,303
vrecordsgx@home.pl,19
mwalklategy@ca.gov,285
aashlinggz@census.gov,564
ggallemoreh0@wix.com,629
gshortcliffeh1@smugmug.com,728
lveigheyh2@pen.io,860
hyegorchenkovh3@sourceforge.net,593
sdineharth4@flickr.com,424
cstubbleyh5@sogou.com,906
hbeadelh6@youtube.com,289
pflemingh7@wordpress.com,671
ggrinawayh8@adobe.com,247
vcaudellh9@digg.com,580
pertha@hhs.gov,604
ajaimezhb@soundcloud.com,588
adevonporthc@weibo.com,612
cjeduchhd@cisco.com,52
dforcehe@macromedia.com,970
jabramzonhf@google.de,57
averryhg@spotify.com,536
whallgoughhh@yolasite.com,521
kchidzoyhi@exblog.jp,575
tmattheeuwhj@newyorker.com,4
fmattinglyhk@slate.com,87
rbutterfieldhl@github.io,471
lbealhm@hexun.com,600
dbailehn@irs.gov,310
rvaterho@typepad.com,634
gstandringhp@ow.ly,606
asprasenhq@creativecommons.org,302
gcisechr@answers.com,505
lstarfordhs@1688.com,440
rormrodht@nyu.edu,799
coutibridgehu@google.co.uk,475
ctrehernehv@vk.com,740
agingedalehw@cocolog-nifty.com,848
millistonhx@blogs.com,181
ghaldanehy@cmu.edu,881
criddellhz@netvibes.com,520
rmudgei0@edublogs.org,517
sdidomenicoi1@cnbc.com,663
alaingei2@addthis.com,31
rburnhilli3@mayoclinic.com,163
rszymanskii4@smugmug.com,865
dslateni5@nsw.gov.au,980
tsibthorpi6@unblog.fr,151
bohartagani7@youku.com,365
aalsoppi8@prnewswire.com,200
sgilmani9@biblegateway.com,426
dbonnia@list-manage.com,623
jpetraccoib@imdb.com,533
cwickettic@shinystat.com,171
sfarnorthid@illinois.edu,204
plindbackie@chron.com,67
tfullardif@cyberchimps.com,754
leteenig@china.com.cn,446
afairbairnih@usa.gov,247
jgaytherii@cornell.edu,617
mfeighneyij@bloomberg.com,176
ddimitrijevicik@netvibes.com,790
kburnyeatil@hud.gov,720
tspradbrowim@jimdo.com,252
dhardisonin@shareasale.com,93
bfillinghamio@ifeng.com,1000
cmuncasterip@theglobeandmail.com,698
ewillgooseiq@1688.com,602
dgoneauir@arizona.edu,932
kstagis@drupal.org,727
dburkeit@usa.gov,523
wberlingiu@cocolog-nifty.com,311
lsplaveniv@stumbleupon.com,303
cbrimilcombeiw@cmu.edu,508
logleasaneix@spiegel.de,752
dhalburtoniy@ed.gov,797
hsimonyiz@biglobe.ne.jp,930
fbalconj0@opera.com,215
rwhysallj1@ca.gov,444
cdradeyj2@seattletimes.com,383
abassinghamj3@behance.net,373
rverheydenj4@goo.ne.jp,759
clanfranconij5@arstechnica.com,154
hasplingj6@prnewswire.com,624
rgubbinj7@surveymonkey.com,565
slickessj8@shutterfly.com,230
rbrighousej9@4shared.com,662
tandrusovja@google.pl,589
esaphirjb@ycombinator.com,323
aheavysidejc@g.co,954
ohubbartjd@youtu.be,435
fhindrickje@cbslocal.com,418
gpragnalljf@netscape.com,510
hpakesjg@weather.com,182
wchatwoodjh@apache.org,618
asandersonji@google.cn,394
padnamsjj@cargocollective.com,151
hyegorshinjk@google.it,117
csnaddinjl@oakley.com,144
sitzkinjm@telegraph.co.uk,527
ejanwayjn@theglobeandmail.com,180
fcannopjo@washingtonpost.com,437
fhazelgrovejp@ted.com,703
rmakeyjq@histats.com,564
mgolledgejr@yale.edu,815
bkippiejs@ifeng.com,79
jkearjt@spiegel.de,272
tvandersonju@youku.com,803
tdavydochjv@fc2.com,949
scastletonjw@123-reg.co.uk,221
ttyejx@nymag.com,483
cferencejy@123-reg.co.uk,66
wcharlesjz@desdev.cn,754
tchupink0@liveinternet.ru,491
ltemplek1@nhs.uk,280
stomasinok2@technorati.com,832
tbusk3@addtoany.com,192
hsaynork4@blinklist.com,198
dblaxterk5@sourceforge.net,574
asweettk6@army.mil,817
cpilek7@cdbaby.com,442
wterbeckk8@naver.com,640
afallak9@jiathis.com,418
vsalatinoka@printfriendly.com,99
mchattokb@arstechnica.com,541
csetterthwaitkc@adobe.com,496
zlemariekd@upenn.edu,517
ccaudellke@netscape.com,457
vcoarserkf@google.co.uk,764
djendaskg@google.cn,124
mheffernankh@google.fr,532
cyarrellki@github.io,452
jbradnockekj@dell.com,517
eatthowekk@cloudflare.com,687
zpechekl@comcast.net,20
dreekiekm@livejournal.com,258
fwillarskn@tinypic.com,295
arowlyko@amazonaws.com,957
jskeateskp@mapquest.com,422
jwhittuckkq@ebay.com,544
bwadlykr@last.fm,935
afanteks@netscape.com,382
bbickerskt@github.com,924
afyldesku@stanford.edu,214
jmughalkv@plala.or.jp,463
ptibbitskw@joomla.org,922
tbeggikx@nymag.com,191
mshortky@icio.us,840
rlotonkz@examiner.com,231
dsnowdonl0@cnet.com,546
mebbuttl1@uiuc.edu,510
droubottoml2@istockphoto.com,935
mmaudittl3@deliciousdays.com,190
cogradal4@nydailynews.com,475
stamburil5@jalbum.net,662
gbignoldl6@addtoany.com,227
glafrentzl7@microsoft.com,417
moverburyl8@amazon.com,957
teringtonl9@reddit.com,900
rgarbarla@pbs.org,521
aboarleysonlb@microsoft.com,76
sdionsettilc@disqus.com,890
vbarrottld@skype.com,706
esutherlandle@dropbox.com,553
tcreffieldlf@cloudflare.com,81
gmawmanlg@bbc.co.uk,158
mcattermolelh@army.mil,838
cgravestoneli@sohu.com,299
mminuccilj@redcross.org,628
mjarvislk@gov.uk,444
dnightingalell@angelfire.com,738
bdelphlm@rambler.ru,156
jgrainln@imgur.com,956
cwitheridgelo@stanford.edu,788
narnattlp@amazon.com,798
lsiviterlq@ebay.co.uk,667
nbrandinolr@ft.com,618
feckeryls@cornell.edu,762
jwellsteadlt@people.com.cn,737
cdemkelu@icio.us,248
pbasillv@gmpg.org,888
dsteventonlw@sciencedirect.com,77
thandrahanlx@sphinn.com,835
psimeonly@myspace.com,134
alewerlz@gravatar.com,170
hkobeltm0@posterous.com,817
kpeatheyjohnsm1@bloglines.com,657
cmacmaykinm2@shutterfly.com,30
btroopm3@biblegateway.com,941
cdumbltonm4@imgur.com,538
mstonarym5@vimeo.com,994
djouanetonm6@apache.org,599
mhansmanm7@blogtalkradio.com,678
jdoickm8@prweb.com,686
sduckettm9@cdc.gov,451
zquestema@businesswire.com,759
bkilloughmb@comcast.net,288
kdilsmc@webeden.co.uk,603
cpitcaithleymd@europa.eu,177
jmaypowderme@xinhuanet.com,714
bkempstermf@wikispaces.com,546
bbowmakermg@harvard.edu,620
cmeysmh@163.com,993
bdaughertymi@imgur.com,390
bmurraymj@amazon.de,691
fdougarymk@clickbank.net,79
aloadmanml@1688.com,242
zahrensmm@cnn.com,800
psawbridgemn@shinystat.com,88
hbeechingmo@dagondesign.com,345
wpriskmp@bloglines.com,590
wpalffreymq@bluehost.com,468
bnichemr@ameblo.jp,862
bilyasovms@nbcnews.com,935
sverdenmt@tripod.com,341
mdowngatemu@sitemeter.com,996
bdovidaitismv@wordpress.org,133
emishawmw@mtv.com,708
vflowermx@google.it,334
bgiamellimy@typepad.com,117
aedesonmz@liveinternet.ru,174
mgunningn0@economist.com,224
lhawfordn1@gmpg.org,865
elightbodyn2@about.com,119
fedmeadn3@deliciousdays.com,800
lmurrishn4@ehow.com,741
csprowsonn5@myspace.com,742
mdignonn6@jalbum.net,796
echidwickn7@uol.com.br,963
cbearn8@wordpress.com,434
mhaven9@google.com.br,103
gklemmtna@cmu.edu,535
seareynb@census.gov,919
jeinchcombenc@creativecommons.org,350
rpoznanskind@sbwire.com,166
rflaubertne@google.es,413
herangeynf@unc.edu,123
pcoveyng@com.com,188
sbuxceynh@vinaora.com,861
kerrolni@usda.gov,435
cjoreznj@sitemeter.com,770
sbuchamnk@soup.io,482
maycenl@gov.uk,206
swestheadnm@jiathis.com,123
lmontfortnn@opera.com,922
pglandno@baidu.com,498
abellhamnp@cmu.edu,315
mduligalnq@mac.com,262
ccranfieldnr@fc2.com,119
khayballns@apple.com,748
valdusnt@gov.uk,650
ljorrynu@sphinn.com,757
twevellnv@vinaora.com,538
mpiechniknw@state.tx.us,127
kcansfieldnx@home.pl,52
mpettengellny@tiny.cc,718
amullernz@exblog.jp,654
jmaruskao0@comcast.net,825
gsucho1@altervista.org,225
mdurbino2@yahoo.co.jp,842
dhitzschkeo3@cbc.ca,91
mmatthiso4@cam.ac.uk,649
fmcnultyo5@kickstarter.com,433
hambrodio6@dagondesign.com,411
lfreckeltono7@wordpress.org,328
smcliceo8@bloglines.com,185
jkenealyo9@prlog.org,968
vcarrabottoa@cdbaby.com,537
cshevillob@mozilla.org,449
mcatchesideoc@bravesites.com,26
kgoffordod@icq.com,308
dbrewoodoe@clickbank.net,319
bmckeonof@rambler.ru,584
dmarthenog@npr.org,474
ptunnicliffeoh@paypal.com,156
jgoldaoi@paginegialle.it,499
mbrodestoj@shareasale.com,311
selderidgeok@hao123.com,829
bbewlyol@omniture.com,260
phinckleyom@utexas.edu,945
ccortheson@joomla.org,847
cuppettoo@china.com.cn,178
ethebeop@github.com,885
tletticeoq@wufoo.com,828
tstreetsor@cyberchimps.com,952
nscarisbrickos@about.com,93
dfitzjohnot@alibaba.com,838
ctiddemanou@blogs.com,959
dtatershallov@histats.com,486
tbremingow@columbia.edu,52
shaselwoodox@latimes.com,699
gdaillyoy@loc.gov,546
aeversleyoz@pbs.org,798
tbatemanp0@blinklist.com,718
slinnitp1@rakuten.co.jp,480
cmccabep2@europa.eu,674
bsterndalep3@t.co,436
ihowlep4@yellowpages.com,495
dlarmouthp5@sourceforge.net,568
jspurgeonp6@opera.com,768
alesleyp7@taobao.com,453
bgeddesp8@hostgator.com,531
otolfreyp9@fc2.com,604
mclerkpa@elpais.com,583
ccurrypb@newyorker.com,85
tmashpc@usatoday.com,711
afassetpd@amazon.co.uk,101
mbarbischpe@apple.com,875
cbretlandpf@gnu.org,470
kfarnypg@cornell.edu,836
erackph@miibeian.gov.cn,896
pclappsonpi@altervista.org,447
mtofflerpj@mit.edu,700
apfifferpk@macromedia.com,538
saitchisonpl@123-reg.co.uk,315
medsellpm@odnoklassniki.ru,432
palthroppn@sohu.com,72
jzuanpo@ted.com,724
oalessandrettipp@ihg.com,692
hgooddaypq@com.com,252
lpiochpr@tripod.com,172
cpolyeps@wp.com,961
llagrangept@psu.edu,565
rloanpu@eventbrite.com,841
skuhnkepv@xinhuanet.com,401
ecapounpw@squarespace.com,511
evuittepx@instagram.com,723
cwerritpy@nih.gov,470
eackerleypz@facebook.com,951
hswineq0@hp.com,50
ecrossdaleq1@elpais.com,353
lhazemanq2@360.cn,196
ecurtonq3@phoca.cz,414
arutlandq4@desdev.cn,67
bracineq5@ftc.gov,700
rcaldowq6@marketwatch.com,559
pthridgouldq7@freewebs.com,776
jfergusonq8@google.co.uk,37
tblurtonq9@bigcartel.com,903
dbrayneqa@wp.com,593
elambkinqb@networksolutions.com,964
bcicchinelliqc@shinystat.com,852
cbartaliniqd@miitbeian.gov.cn,175
rbernardosqe@cornell.edu,321
camooreqf@xing.com,543
ggowthropqg@imageshack.us,619
heliasenqh@comsenz.com,843
wmaliphantqi@myspace.com,109
galdwickqj@cbc.ca,800
ekerswellqk@usnews.com,506
bsallierql@narod.ru,260
fturtonqm@icio.us,539
levittqn@phpbb.com,948
pmcrinnqo@bloomberg.com,147
pcoyneqp@dmoz.org,19
ubeldomqq@mashable.com,581
rlefeverqr@google.ru,581
gderocheqs@ibm.com,383
nlammieqt@github.io,950
dmcmorranqu@guardian.co.uk,98
mmelanaphyqv@washingtonpost.com,559
bscholerqw@deviantart.com,38
aridsdaleqx@friendfeed.com,793
jvanderweedenburgqy@blogs.com,376
aaitchisonqz@loc.gov,541
adetoiler0@nature.com,922
lbaskerviller1@ted.com,196
ishowlerr2@xinhuanet.com,621
lellacomber3@dedecms.com,430
freisr4@yahoo.co.jp,11
acapeyr5@answers.com,483
rblackier6@who.int,773
ifehnersr7@whitehouse.gov,129
ajoderlir8@elegantthemes.com,784
lalur9@360.cn,762
cetheridgera@posterous.com,59
ibilesrb@privacy.gov.au,118
aibbetsonrc@nytimes.com,548
jscantleburyrd@twitpic.com,565
gsawleyre@1und1.de,958
gsibbornrf@tumblr.com,263
dmcneishrg@biglobe.ne.jp,258
jbrasrh@earthlink.net,675
olatchri@chicagotribune.com,439
cshillabearrj@fda.gov,919
cgwinnellrk@indiegogo.com,131
jwakleyrl@ocn.ne.jp,616
mlongfordrm@alibaba.com,650
clinnemannrn@reference.com,534
lcopcuttro@slashdot.org,374
fcattonrp@naver.com,637
dchristopherq@odnoklassniki.ru,686
gmazzillirr@mlb.com,287
